lnV0,beta,delta,pi,phi,rho,method
4.185833508776676,18.73239391307049,2.4110181409557305,370.5361695176842,9.478245683920443,0.2302717648905012,map
3.7021406637711043,15.454610033270297,2.7716159259882582,448.09890720813536,7.450834166606539,0.5186851602496494,mean
