patient,withinhost_r0,lower,upper,source
451152,18.332908274703417,7.625914160996382,35.86579401188076,MAP
451152,6.315,,,Ke et al. (2022)
