patient,withinhost_r0,lower,upper,source
451152,10.648342108046675,5.124369793249784,15.511821906107643,MAP
451152,6.315,,,Ke et al. (2022)
