time,pr
0.0,0.0
1.0,5.531706829348457e-05
2.0,1.4048945719693243e-13
3.0,0.0
4.0,0.0
4.0,0.0
5.0,0.0
