beta,delta,pi,phi,rho,method
9.194442351578274,3.9106200303442,399.7807874445364,8.856925096563577,0.0038540620767287,map
8.322961179450296,3.5666664185796506,381.1556252889616,5.916555981826246,0.01259490511753814,mean
