patient,parameter,estimate,lower,upper,source
451152,lnV0,3.4633376914600564,0.7031558734654223,5.380901733379555,MAP
451152,beta,8.323807581166646,4.603578647281941,10.381886333471675,MAP
451152,delta,4.0,2.6330840177289265,4.0,MAP
451152,pi,394.2313868133368,350.1722507914429,400.0,MAP
451152,Phi,5.022287541191107,1.3953401506413,10.535010749520895,MAP
451152,rho,0.0176267673304062,0.0001,0.0248789557365427,MAP
