patient,withinhost_r0,lower,upper,source
451152,7.18952075579202,3.776644807625166,10.309292600895521,MAP
451152,6.315,,,Ke et al. (2022)
