patient,withinhost_r0,lower,upper,source
451152,13.543654590344167,4.01286385222535,22.331737574000535,MAP
451152,6.315,,,Ke et al. (2022)
