time,pr
0.0,0.0
1.0,0.0012497542173114896
2.0,0.0
3.0,0.0
4.0,0.0
5.0,0.0
6.0,0.0
7.0,0.0
8.0,0.0
9.0,0.0
10.0,3.934778328696572e-14
11.0,0.013999999999999999
12.0,0.060183039751545854
13.0,0.000504705662934458
14.0,0.0
14.0,0.0
15.0,0.12200000000000001
16.0,0.4370000000000001
17.0,0.7205000000000001
18.0,0.9030000000000004
19.0,0.9690000000000004
20.0,0.9900000000000004
21.0,0.9960000000000004
