time,pr
0.0,0.0
1.0,0.0005
2.0,0.0
3.0,0.0
4.0,0.0
5.0,0.0
6.0,0.0
7.0,0.0
8.0,0.0
9.0,0.0
10.0,0.015234271368122512
11.0,0.21300000000000008
12.0,0.89074131608379
13.0,0.9925788974579013
14.0,0.9992627539843716
14.0,0.9992627539843716
15.0,0.9999909085424871
16.0,0.9999999999999998
17.0,0.9999999999999998
18.0,0.9999999999999998
19.0,0.9999999999999998
20.0,0.9999999999999998
21.0,0.9999999999999998
